ev1_on,ev2_on,ev3_on,iti
0,2,4,2
6,8,10,1
16,18,20,5
24,26,28,3
33,35,37,4
39,41,43,1
49,51,53,5
58,60,62,4
64,66,68,1
71,73,75,2
80,82,84,4
87,89,91,2
92,94,96,0
98,100,102,1
105,107,109,2
112,114,116,2
117,119,121,0
125,127,129,3
133,135,137,3
142,144,146,4
152,154,156,5
161,163,165,4
171,173,175,5
178,180,182,2
184,186,188,1
194,196,198,5
203,205,207,4
211,213,215,3
219,221,223,3
227,229,231,3
236,238,240,4
246,248,250,5
254,256,258,3
262,264,266,3
268,270,272,1
275,277,279,2
281,283,285,1
289,291,293,3
297,299,301,3
302,304,306,0
308,310,312,1
314,316,318,1
320,322,324,1
328,330,332,3
336,338,340,3
343,345,347,2
350,352,354,2
357,359,361,2
366,368,370,4
372,374,376,1
380,382,384,3
386,388,390,1
391,393,395,0
397,399,401,1
405,407,409,3
410,412,414,0